provider,name,stock,price,link
Ebay,Nuevo Sony PlayStation 5 PS5 Consola Digital versi,1,"$17,619.16",https://www.ebay.com/itm/143994937648?hash=item2186c46130:g:YHgAAOSwU5ZgHY6P
Ebay,Nueva Consola PS5 Sony PlayStation 5 disco versi√≥n,1,"$24,163.80",https://www.ebay.com/itm/143975455527?epid=19040936896&_trkparms=ispr%3D1&hash=item21859b1b27:g:Z1AAAOSwrKNf4jPO&amdata=enc%3AAQAGAAACkPYe5NmHp%252B2JMhMi7yxGiTJkPrKr5t53CooMSQt2orsS9d9gBrkNbRQtRn8MVXnYkupfj4BksRkbsXTs1BJYr3EqHEmpc3VJTfECicmnVdt8Ow09VOXUA2O2wcDzllnmZ1yVcq34d9ByQq39NT5Rev8rfEDIT3ioW7BhEpX5GgqNF5TamWvAUVNAu12u6CYZ%252BZ479Hv03zIpQ7lh7WpgFkMkjKjriyntve9gEDxi86Hq8o%252B7lWa6QJ9Uj%252FW1O%252Fx803F0aCtJDlbgf8Jtq5U1aU1M4ZaXl4DBVMCags3y7Vyo8mjPntJ7hSUBRqwzcCDqxRmqBkD3FalVbefsCgq2y0iGVz48A8ojOGQOE3KMIa07Yfx8NwAJ76RRL%252BMQC%252B93%252BDHDktMJFkW5Joo1DyYnonyg8EIA8y1QpzEMRvRmsa7blEPijVP16q8xWRfaS0Ujpa4mSofbLfPkxnGCbp%252FpepgyC15aD0vhsG%252FBj5WhWrdUAMDqkxo40zl9fZ1%252Fv44Lo90D%252FJIv7QNRTPHxLsbihwgns0325dO1uAnwGuB4XZmcb7r3gPEHzmtYzRN3FbFVZVsl2BW1Ew2R7aiumgMT5yQuIC8f2u56Xb6l5wSxeuk1V7goZrzl6LNV26MiFL5hQqKfSIXChYn1gOKbWq6dYWldkon9F8x7B7ln4dCy92gKXFgvKiUfobAF3apBVbP5x0dt4AIYqODcqxPx6AGMjAdZfNU76gHy6SNl5fppAU9Vgz%252FKZDhWp4TqcXnFL5MBzDcON2D4QtAeAvSjMDN3WRoxuHdfG7XYr91gX%252B%252BKc6YOcfIkLGEKPuT2mee33lfAQ2OmCyax1II5ljIrdUyf0gA%252FolP6Jm25Bj8hFy1huOSj%7Campid%3APL_CLK%7Cclp%3A2334524
Ebay,[Nueva] Sony PlayStation 5 Consola * versi√≥n disco,1,"$14,700.26",https://www.ebay.com/itm/154562287292?hash=item23fca156bc:g:BHUAAOSwLwBhECeB
Ebay,Sony PlayStation 5 Disk Blu-ray Edition + 2. Contr,1,"$14,749.97",https://www.ebay.com/itm/184992003822?epid=5042237768&hash=item2b1261f6ee:g:BBwAAOSwLwBhEspq
Ebay,Sony PlayStation 5 Consola Disco Edici√≥n PS5-Nuevo,1,"$17,922.03",https://www.ebay.com/itm/124844661979?epid=19040936896&hash=item1d11525cdb:g:6FcAAOSw7MZf4iSV
Ebay,[Nueva] Sony PlayStation 5 Consola * versi√≥n disco,1,"$14,096.14",https://www.ebay.com/itm/154562282853?hash=item23fca14565:g:HwsAAOSwC-ZhECcp
Ebay,Nuevo Nueva Sony PlayStation 5 Consola Digital PS5,1,"$14,096.14",https://www.ebay.com/itm/255056934122?epid=25040975636&hash=item3b6293f4ea:g:nDUAAOSwvSVg8p9E
Ebay,Sony PlayStation 5 PS5-versi√≥n disco-En Mano,1,"$12,081.40",https://www.ebay.com/itm/154564641301?epid=19040936896&hash=item23fcc54215:g:OAQAAOSw6XZfyqtw
Ebay,Sony PlayStation 5 (versi√≥n de disco de consola PS,1,"$14,498.88",https://www.ebay.com/itm/194279337861?epid=19040936896&hash=item2d3bf36f85:g:0oIAAOSwfDhg3jJV
Ebay,"Sony PlayStation 5 PS5 Consola De Edici√≥n Digital,",1,"$13,894.76",https://www.ebay.com/itm/274900669137?epid=19040936896&hash=item40015b52d1:g:d64AAOSwkoFg-EgZ
Ebay,Sony PlayStation 5 Consola Digital PS5 Blanco Nuev,1,"$16,108.86",https://www.ebay.com/itm/284166154155?epid=25040975636&_trkparms=ispr%3D1&hash=item42299f67ab:g:zz4AAOSw061fsZdz&amdata=enc%3AAQAGAAACkPYe5NmHp%252B2JMhMi7yxGiTJkPrKr5t53CooMSQt2orsSwcmzw5CLtzTE60FqHcnq2MhqwfzqERnLaeH5g%252BFdv4v%252Fa4al3zAFVxOeNlByXMIk3qsidDLvnCDlXXV39Mw4WQyxPVEGgELOnQBNBtqRUH5PvBPm8VZ%252BhlvxvZOZ%252BBc73EANoAq%252Fw18JUVGrcasEgSdPkwg23D7WAi5oqn1fph63VtbQIPBYzUWHDCxCw4lsUry3rvo0pkYUVwsrSY7rlgycubBfac55EelYXW89GJmsMpX3ypVRTTtfhTJ7KhmgRF8dwQis9rk9uCStN01x%252FT%252FTBaa1Pnq1Y93vXuJRxQPxN2OYLlwlTiEolyMvy%252F8qi0yA6zrJZNBa%252Ftua7RVpPaXgHJHdp0yb7XtHd8%252FWFeE59gkJ97NhruNsn9Cr2MljMHzKvEgGnFnFFJ1ZyLZBBU%252BJ%252FCrbketBvhyPxrqbVP4oDCZ7RBfQYSq7xpw1C3bduLjtTyLskkUWjUNEIdWtxeRJsVCdrsHxYX4Zf3g8M4t7LWhwKgE9qB6b0Zk1bS%252FgiaQCDIpPSCXq7TWmkyOC0bjGmP9mO%252BMY1kH29EXM6BIUVk0fE7FBwZxL5nW1tNgNA%252Btaom9c3kktENFax6UZeW9DYJouv2Qd84UOACy%252FT86hmaW2LOSh3L%252F9B4OD92PRMI8v27638zChuF4ATWaUrUrj%252BURNoyYo%252BYsyTyqHGNW28ui3D6Un%252B6LKpQqC471IorKR8BGdd0x63yPIqtjUhajv2r%252F3lcfjNZ39FzWzoY0ad6Ge29Tq4B6HuOf0GgBnHg8a8SjSx4SwyqyUL5S0dmQVXIIo57yMMZGZ68RdaC8%252FOKG8DKvaILgaKC%252Fvfwbt%7Campid%3APL_CLK%7Cclp%3A2334524
Ebay,Disco est√°ndar de Consola Sony PlayStation 5 versi,1,"$15,908.29",https://www.ebay.com/itm/224568238954?_trkparms=ispr%3D1&hash=item34494f636a:g:BBwAAOSwKD5gjcTO&amdata=enc%3AAQAGAAACkPYe5NmHp%252B2JMhMi7yxGiTJkPrKr5t53CooMSQt2orsSvtkx670Z0mbyfWqmxLFLYU9lD6k5fqpl0YSeCxV45dcZs8WTWYPCE%252F00CDcq6UiBbv%252BH54GTQA6GyMTFefgZ1D5pWSaw4c%252BOXuammzZdUW1KtaG2nigv7cGHOm8IckDKPQytg4c%252FWd13ySjRAjrLNRJ%252BaFc1pEzo0fZGIzf9bralrwdhqQMy%252FCcSDyXGsqhZ9OQijKWAIMztrDUNKj8vHaEJOFquqjLcipILM%252FXSBMTJpURbvuJdqleWZcJgFB1eeSvXRy9z3hpOWPeC%252FmANljwtjsuismTIpwtxWKJjBcnRMFzP8VyRwxxBsUM49%252B0sUBzj97cOW3QYrajpM6gg6XDMaS8tIKiSLy%252F1e%252BTxWaDIU7try8JQCVx9Iq1gdFRWeZTCUU2M2%252BKnco12bsJ7McSX0z58DwCME6nXNg5lMoCBPA3Qxc8BQZFr8C76g2FcI95tX77hzTOaH4IOJiIogB9Ic5jxG74BB0YXlF7hBWSoMbGeFZlr7fgug0VT3K7GZCT1n9PfD934O4Z2Ai%252BM3uj8pBK%252BEFjhH0mAfsZfM2Zem7nT%252BQmT%252FPRpj45Y6K%252B0ReMx5uM1WqNFyMbd9Xzo5%252BmspHZYnPXy53RzZ3lqHqkSFgWCuE%252FpsPiVaWdg%252BQxKyNB9B7DK%252F48cTRit7yi1%252FIG949qZUXs7bJOgF2ww1VGTJxBfUVMxaT3ebJEcLI%252B3Ij8GXCH2CS3CJyupb3G0WCwyWABKLsoejEGUBqlEZ%252BruqMkgJuDO5elHTPoxC3k87AIv6Pszo6HGFW4FBmKylJO%252B9T9DbFE5vhvM%252BUg5K4EhdrM%252FSAg4gkjo8RRgRq4F%7Campid%3APL_CLK%7Cclp%3A2334524
Ebay,Sony PlayStation 5 Nueva Disco/Consola Digital PS5,1,"$15,103.00",https://www.ebay.com/itm/255074733685?epid=19040936896&hash=item3b63a38e75:g:wmcAAOSwcKtgTE5F
Ebay,üéÅ üéÆ Sony PlayStation 5 Consola üéÅ disco versi√≥n PS5,1,"$15,606.44",https://www.ebay.com/itm/255088107466?epid=19040936896&hash=item3b646f9fca:g:qwEAAOSwq85f-cxx
Ebay,Sony PlayStation 5 Consola De Edici√≥n Digital PS5-,1,"$16,069.59",https://www.ebay.com/itm/353545946699?epid=25040975636&hash=item5250fb064b:g:Z2cAAOSwKgRg0-oq
Ebay,Sony PlayStation 5 disco versi√≥n Consola PS5-En Ma,1,"$14,901.63",https://www.ebay.com/itm/255086381077?epid=19040936896&hash=item3b64554815:g:GS4AAOSwEdJhBobw
Ebay,Disco De Consola Sony PlayStation 5 versi√≥n Paquet,1,"$18,123.60",https://www.ebay.com/itm/363501595228?epid=19040936896&hash=item54a2622a5c:g:ELgAAOSwNYhhEajo
Ebay,Sony PlayStation 5 Consola-PS5-versi√≥n Disco-Nuevo,1,"$15,707.12",https://www.ebay.com/itm/353614675156?epid=19040936896&hash=item525513bcd4:g:maYAAOSwoYZhEIrY
Ebay,Sony PlayStation 5 Consola Disco Edici√≥n en mano P,1,"$16,603.23",https://www.ebay.com/itm/334108509343?hash=item4dca6b449f:g:3hkAAOSwAkdg0oaq
Ebay,Disco De Consola Sony PlayStation 5 versi√≥n (PS5) ,1,"$16,512.62",https://www.ebay.com/itm/224566248580?epid=19040936896&hash=item3449310484:g:1k4AAOSwNNJhEZix
Ebay,‚ö° Sony PlayStation 5 Consola De Edici√≥n Digital ‚ö° ,1,"$15,058.10",https://www.ebay.com/itm/304102751269?epid=25040975636&hash=item46cdefbc25:g:9HAAAOSwzi5g6cCx
Ebay,* Nuevo * Sony PlayStation 5 PS5 Blu-ray/Disco Edi,1,"$13,371.19",https://www.ebay.com/itm/194281202007?epid=19040936896&hash=item2d3c0fe157:g:uYcAAOSwSDhhBJp3
Ebay,üî• PS5 Sony PlayStation 5 consola disco versi√≥n üî• N,1,"$18,022.71",https://www.ebay.com/itm/124846205659?epid=19040936896&_trkparms=ispr%3D1&hash=item1d1169eadb:g:7CYAAOSwPIlhEb51&amdata=enc%3AAQAGAAACkPYe5NmHp%252B2JMhMi7yxGiTJkPrKr5t53CooMSQt2orsSxXDXcCydCuSj2Tq2S%252F3Gnt2%252BRtsmXV2YHAlcg63DYg%252BC%252BBzLOZf4YnyMtUj%252FYqGjrcbw7S%252Bt12uYpm7%252FjOvTSj27lRqxUdqrbtk%252BxpYmk6aE%252BNjUdvqkElbhBREvo4nBguSk4kqj4NjQFz41t%252FI7wIHHlOxB1ktDYsL41AnuqYQLYbRaGrFBEaAQ7SEF1AciGOQpj30mAJ%252F070s8oUhFLZkpdeqkSLnZ2nUg%252FNDYILelXTVv8mUSal50J4ZxJNF9qRGknKZL8gw4rrOc73FKHS2aW9jIWkpBEqf8hRRdKDesSWQMoA2bsjJuE1nG05BcCpUx62Vzq0pLiO0dAQOzurNMV6mmSN6duTt07Fu8E0AYchIyFcQMCC4qmeyFA9CU4LC9nMl89uUdGaxaeM5pckgOqoU8DcHweYW8pSh7qXWsrUjt%252FM2ykE7EIhZXF%252FZhD8GBzFxLGcvkCtEuufsaR77nU1NfvEERJ4s2xRgXZKw8lvXo3xUD7Rf2KYF0fP%252FJMCpmsJECAjW2KUKV6nMWSmFIbXmLrUKZXzAA94UxBuUr12b6BkCafw8HvWD0C46lyMO7RPs2XlCeZirwooDIrRG0uWOz0Mk75gamq4WMRleOkuvFSrofQWTApq5uAK%252FdVGT6vtkcfXvSWevRoaLt842fPQ2x0%252FauOyxIx0loVAB8TdZb0Onmz07G18USjUJtgdV8ngMCtiovAwgPJfMC6Je1eW%252B0IzzHVcTxUFtT4wqD69Ks1X8jH3fX7abeNQC8g%252FWMOY0jqqEfZJoQth9D%252BfzEMFLnKoXMI972vo%252FronG9HtWUM6HCaI4egZFeXLBq%7Campid%3APL_CLK%7Cclp%3A2334524
Ebay,Sony PlayStation 5 Consola-disc Edition-En Mano Nu,1,"$12,867.76",https://www.ebay.com/itm/255083946569?epid=19040936896&hash=item3b64302249:g:aHsAAOSwFTVhEDqk
Ebay,Sony PlayStation 5 PS5 Blu-Ray Edition Consola En ,1,"$17,496.93",https://www.ebay.com/itm/255085936770?epid=19040936896&hash=item3b644e8082:g:MOQAAOSwU8VhCxJc
Ebay,Sony PlayStation 5 Consola (PS5) - Edici√≥n digital,1,"$13,941.19",https://www.ebay.com/itm/184932351447?hash=item2b0ed3bdd7:g:1qIAAOSwnBdgQ3m8
Ebay,Nueva Consola Sony PlayStation 5 disco versi√≥n ‚úÖ e,1,"$13,693.39",https://www.ebay.com/itm/144143642225?hash=item218fa16e71:g:uK4AAOSw6X1g58Xu
Ebay,Sony PlayStation 5 Consola Disco Paquete Ratchet C,1,"$15,606.44",https://www.ebay.com/itm/384313818811?epid=19040936896&hash=item597ae37ebb:g:CF0AAOSwVChhCV5K
Ebay,Disco De Consola Sony PlayStation 5 Edition (nuevo,1,"$14,136.41",https://www.ebay.com/itm/284401841051?epid=19040936896&hash=item4237abb39b:g:NV0AAOSwk8VhEHCV
Ebay,Nueva Sin Abrir Sony PlayStation 5 Disco De Consol,1,"$15,908.70",https://www.ebay.com/itm/384322585778?epid=19040936896&hash=item597b6944b2:g:P7EAAOSwq1VhD08G
Ebay,Sony PlayStation 5 disco versi√≥n üî• üî• Env√≠o r√°pido,1,"$15,908.29",https://www.ebay.com/itm/174883698388?_trkparms=ispr%3D1&hash=item28b7e176d4:g:LVEAAOSwCdhf~w4H&amdata=enc%3AAQAGAAACkPYe5NmHp%252B2JMhMi7yxGiTJkPrKr5t53CooMSQt2orsSDAeS9EQtjPGVfKXTxF0%252Bjhze3oGx8P9BdvKbYevfPrQrZ4CXPNJOcqzvbeeOgNdLci5QvdJxureQf6qPOttdnQ8FRejycG2YSQLuZYttvgQWzW5atS4aSSVnYu388bcRQ0fYesRnhUYFKyY7eJPxM%252B9bqkt%252FaRyXUSPCvvts3p0Gs6xL2sSV7jJlOAF1xOUehL1%252BY5S3A1CV3VYupsv4CNuBEsjmtopYqTVYqY658UH647w0ZYy1MOz2u9w%252BX%252BP6aoqtIEMnT2hU2FpAXqO5kFhaaus1h69YUwSEhSbyIwCWa4fAYYZXGEZSjoBY5OA2SY6b30%252FaRTNz%252FIFH%252B9XQCf8yPH2WcxXAUgaCLhBPxws%252FSKclou2n2Pe%252F0UbRGU3JBkIZLWbX%252F1ny4eMEF9rCPh%252Bzt%252FDUbbMmgQxqi4wIuGlOwW8sQqXtR5rfaINhqh%252BrsBkrO7%252B1oo7Rcn1Us4rXeZ5uScg2SCcoiWZYTk5KIYX4dsXB66%252FcDzxeXLesyw57ZxOarRwdipfWvR2rRXeQU0%252BGf6cP4u4q7ulM7IzGxxenmb3ns70zecB8t5iFIeC%252BLF%252FRSYxrP6D1YIrcG1zKHLAgn6qCpo6wBS%252FlWA7Wz23W4xLFWpNHIMPFY2YKu0QEzoTwA1E2j9T7U8wp6BazTaeGkpiORuWcxLRwfquHVi40vWn399KDNhdKxy5haCV%252ByIpemUpnrgLIXnDn%252Fj5m0ra3h3DeWWbWk9gCka%252B9IhS1%252FiGiPzlRu7tqlbgm4KIHkkFlThQ3DjzAfdxz7YcvszPreXrOTkfc1GxyzSofZ1jzEVocvbmAQ25Lu64LMp5O%7Campid%3APL_CLK%7Cclp%3A2334524
Ebay,Sony PlayStation 5 Blu-Ray Edition Consola Blanca ,1,"$16,613.10",https://www.ebay.com/itm/334104363191?epid=19040936896&_trkparms=ispr%3D1&hash=item4dca2c00b7:g:0NoAAOSwU05hDYpy&amdata=enc%3AAQAGAAACkPYe5NmHp%252B2JMhMi7yxGiTJkPrKr5t53CooMSQt2orsSprd4IgPv6LBzlteBBg9Pe92SIxzxg7pMGKA7qyhLydfp8quhF1NxT62P1y4HrNXaVuFp61nMSkN3Jy4CXFu97eIDgFlE3ScQyDzjn1Zf9p8BTuAbm1nT%252By9OO%252FNLzx5L1NCAole7gxwRZTj01ijSKBR2hnVxoDO0VE0hYUJSleG2d5sZl4CPVgY35TJ8bSxofOV2cvftk6fOUKnEmgt4bMGrji%252B6UH8sFF3W1ODN7dOvs%252BFsSnYmt8rNGC8f%252BIuNorQFGhK9w9Ttim2VDMezvBiV4%252B9GiPsVkMo3N35bkbvej7aHJ%252BZUL9%252BtfPoaV0q2bAOss3kKXesaHPmW1YbQN0L0pMg5V%252BEvSbnbJ5X0yrt9JfMsHMHvEz9AgWrPRdor4W0EtXFe7TOVCWzcjsdFQfzLbYS4eCSs5PRU5grDKdWwlcMGSlCm77790hEdgf0nC9PmLw%252BNQOJl%252B54k%252B6n%252FCr1yjcon8gcdXY%252F9vr8jevCO%252B%252Fh0egYw58VwFcRIvZK7JifLb6b%252Fqa5CG6wgdbeViKqRn9Zd7xFC4L9fGrTPhnMG5lHJFHiQ9oh4Khvnm8Ih57ptJtDgM8g2KW1X5kWA10EZK%252FFa9IKTGdQXVCq%252BvRSZl95IRtQNvlgerVpQwBP%252Fl0CtOK1doxq6T6jkLaQUxT63F5Z8CZ5Ivl2jsWtk5Wk6t30YJdlVCLGZpJCNgmsXrInxE3T0Yfq2Z4EHfQeqelLZI7bIV9nZDmY7AUOR9TUhItHX9ynaUnL83s8lxAuLgabHYyPosAMtPZUN9FVEkJfvIjSdgdtDB6gVWjKAP4o2o2lQaBo1efe5Iyg9Yl0%252B%7Campid%3APL_CLK%7Cclp%3A2334524
